Dialogue Name,Node Guid ID,Text Guid ID,French,English,Spanish
Test Dialogue,9cf4ea28-feaf-4cf5-9667-ba86fea27342,26c28c3b-bcb7-47ed-b705-bc4ff432ca3a,"Ce dialogue de test sert de guide dans l'utilisation du plugin de création de dialogues par node.","This test dialog serves as a guide in using the Dialogue Node System.","Este cuadro de diálogo de prueba sirve como guía en el uso del complemento de creación de diálogo por nodo."
Test Dialogue,9cf4ea28-feaf-4cf5-9667-ba86fea27342,26d00b34-3acc-4c15-9ee3-1014cc3401c7,"Pour créer un nouveau dialogue : Create > Dialogue > New Dialogue. Double-cliquez sur l'asset créée pour l'ouvrir dans la fenêtre d'édition.","To create a new dialog: Right click > Create > Dialogue > New Dialogue. Double-click the created asset to open it in the editor window.","Para crear un nuevo cuadro de diálogo: Crear> Diálogo> Nuevo diálogo. Haga doble clic en el Assett creado para abrirlo en la ventana Editar."
Test Dialogue,9cf4ea28-feaf-4cf5-9667-ba86fea27342,bbb984f9-8546-4f09-96cb-dacd4ee34a07,"Il est conseillé de garder la fenêtre ouverte pendant la lecture de ce dialogue pour une meilleure compréhension.","It is advised to keep the window open while reading this dialog for a better understanding of the system.","Es recomendable mantener la ventana abierta mientras lee este diálogo para una mejor comprensión."
Test Dialogue,9cf4ea28-feaf-4cf5-9667-ba86fea27342,e3700b2e-5b2e-43d4-bfa5-811d29560db8,"Quelle partie du tutoriel souhaitez-vous tester ?","What part of the tutorial would you like to test?","¿Qué parte del tutorial te gustaría probar?"
Test Dialogue,43a10842-4bb5-478c-ad19-09b612e41d3c,86b81628-79a7-4b05-a14c-ddbe4d3d7e09,"En haut de la fenêtre se trouve une barre d'outils. ""Save"" et ""Load"" sauvegardent et chargent vos modifications sur le ScriptableObject.","At the top of the window is a toolbar. The ""Save"" and ""Load"" buttons register and load your changes on the ScriptableObject.","En la parte superior de la ventana hay una barra de herramientas. ""Guardar"" y ""Cargar"" Guardar y cargue sus cambios en el scriptableObject."
Test Dialogue,43a10842-4bb5-478c-ad19-09b612e41d3c,f00091a9-a514-46dc-8893-5387765fc4b3,"""Export"" et ""Import"" sauvegardent et chargent depuis un fichier CSV créé automatiquement par script. Ce fichier permet de faciliter la traduction de tous les dialogues à la fois.","""Export"" and ""Import"" save and load from a CSV file automatically created by script. This file makes it easier to translate all dialogs at a time.","""Exportar"" y ""Importar"" Guardar y cargar desde un archivo CSV creado automáticamente por script. Este archivo facilita la traducción de todos los cuadros de diálogo a la vez."
Test Dialogue,43a10842-4bb5-478c-ad19-09b612e41d3c,df3d08a6-7a97-437f-9943-e1454cf26dad,"""Show Grid"" affiche ou masquer le quadrillage en fond. ""Nb Max Choices"" indique le nombre max. de choix que le joueur pourra faire à tout moment lors du dialogue.","""Show Grid"" displays or hides the grid in the background. ""Nb Max Choices"" indicates the max number of choices that the player can do at any time during a dialogue.","""Mostrar cuadrícula"" muestra u oculta la cuadrícula en la parte inferior. ""NB MAX Opciones"" indica el número máximo. Opciones que el jugador puede hacer en cualquier momento durante el diálogo."
Test Dialogue,43a10842-4bb5-478c-ad19-09b612e41d3c,53c6a104-c68d-4504-aded-2c88c48515eb,"""Language"" affiche la traduction de vos répliques correspondant à la langue affichée. Par souci de rapidité, il est conseillé de d'abord exporter vos dialogues en .CSV, puis d'utiliser cette option pour ajouter manuellement d'éventuelles modifications.","""Language"" Displays the translation of your dialogue lines corresponding to the displayed language. For the sake of saving time, it is advised first to export your dialogues to .CSV, and then use this option to manually add any changes.","""Idioma"" muestra la traducción de sus réplicas correspondientes al idioma que se muestra. Por el bien de la velocidad, primero es aconsejable exportar sus iAgues a .CSV, y luego usar esta opción para agregar manualmente cualquier cambio."
Test Dialogue,43a10842-4bb5-478c-ad19-09b612e41d3c,e6b106fb-4471-4d54-896a-839c59235e0e,"Il est également possible de grouper les nodes (touche G), les dégrouper (Shift + G) ou de créer des notes (touche N) pour vous aider à vous repérer dans le graphe.","It is also possible to group the nodes (G key), ungroup them (Shift + G) or create notes (N key) to help you locate a node in the graph.","También es posible agrupar los nodos (clave G), las tinas (Mayús + G) o crear notas (n clave) para ayudarlo a localizarlo en el gráfico."
Test Dialogue,47704779-4a77-405c-a3ee-d913717ece11,11bc45e2-274f-4237-b80d-dc3f91a2d4b9,"Les nodes sont accessibles dans le menu de recherche (Clic droit > Create Node ou touche espace). ","Nodes are accessible from the search menu (Right click > Create Node or Space key).","Los nodos son accesibles desde el menú de búsqueda (clic derecho> Cree nodo o tecla de espacio)."
Test Dialogue,47704779-4a77-405c-a3ee-d913717ece11,850c9604-6245-4a08-8892-526639ec8e99,"Par ordre d'importance:","Sorted by relevance:","En orden de importancia:"
Test Dialogue,e55b1b74-455e-44e3-ad76-f97bb09bb9f8,fad9d877-57f6-499f-a63d-dfaa26e19238,"La node End permet de terminer un dialogue, ou de le relancer depuis le début dans le cas où vous voudriez le relire après avoir modifié des conditions du DE_EventCaller. A l'heure actuelle, seule les options ""End"" et ""Return To Start"" sont implémentées ; ls deux autres sont obsolètes et accompliront par défaut la même action que ""End"".","The End Node makes it possible to complete a dialogue, or to restart it from the beginning in case you would like to reread it after modifying conditions in the DE_EventCaller. For now, only the ""End"" and ""Return to Start"" options are implemented; the other two are obsolete and will default the same action as ""End"".","El extremo del nodo hace posible completar un diálogo, o para relanzarlo desde el principio en caso de que le gustaría volver a leerlo después de modificar las condiciones del De_EventsCaller. En la actualidad, solo se implementan las opciones de ""End"" y ""Volver a Inicio""; Los otros dos están obsoletos y se incumplirán la misma acción que ""FIN""."
Test Dialogue,7dfc5609-37ff-45cc-824c-c1d6a96fdada,6b933734-f1d6-4818-8406-f02eb80594a3,"Voilà pour les personnages !","We are done for the characters!","¡Tanto para los personajes!"
Test Dialogue,7845fad8-c5d0-40ef-a248-1aa6ad9fd3ba,a9920043-43eb-47ab-b8b1-7cb75915e102,"Voilà pour la node Réplique. La suivante, la node ""Character"", vous permet d'afficher un personnage à l'écran.","The following, the ""Character"" Node, allows you to display a character on the screen.","Tanto para el nodo de réplica. El siguiente, el ""carácter"" del nodo, le permite mostrar un carácter en la pantalla."
Test Dialogue,01415a4d-122d-48fc-9c7d-ef7a88c7ec5b,23332313-f641-4b64-9386-f10c7589c9b6,"Les options de la node Character sont :","The options of the Character node are:","Las opciones del nodo de carácter son:"
Test Dialogue,01415a4d-122d-48fc-9c7d-ef7a88c7ec5b,dea79abf-4869-4184-8abb-3535b3b78ecd,"""Mood"" : Affiche un sprite différent selon l'humeur du personnage.","""Mood"": Displays a different sprite according to the mood of the character.","""Estado de ánimo"": muestra un sprite diferente según el estado de ánimo del carácter."
Test Dialogue,01415a4d-122d-48fc-9c7d-ef7a88c7ec5b,d10d403b-03bd-48fb-99c9-00348b3613d9,"""Face Direction"" : De quel côté le personnage doit regarder.","""Face direction"": which side of the screen the character must look at.","""Dirección de la cara"": ¿Qué lado debe mirar el personaje?"
Test Dialogue,01415a4d-122d-48fc-9c7d-ef7a88c7ec5b,09699d82-138d-473f-82e1-fa6949757494,"""Side Placement"" : De quel côté le personnage doit apparaître.","""Side placement"": which side of the screen the character must appear on.","""Colocación lateral"": qué lado debe aparecer el personaje."
Test Dialogue,01415a4d-122d-48fc-9c7d-ef7a88c7ec5b,09946321-2259-4e47-8065-3ce2801d105d,"""Use Auto Delay"" : Similaire à celui de la node Replique, permet d'afficher le personnage suivant après un certain délai.","""Use Auto Delay"": Similar to that of the Replique node, displays the following character after a certain delay.","""Utilice el retardo automático"": similar a la del nodo de réplica, muestra el siguiente carácter después de un cierto retraso."
Test Dialogue,1611cf1b-041b-425b-833b-163e30461252,3df86bc6-96fb-40f4-b76b-bb86e3f0511f,"Comme ceci !","Like so!","Como esto !"
Test Dialogue,1611cf1b-041b-425b-833b-163e30461252,88a6a4cd-aba4-4073-a70a-e264a5683ef9,"Pour créer un Personnage, Clic droit > Create > Dialogue > New Dialogue Character.","To create a character, right click > Create > Dialogue > New Dialogue Character.","Para crear un personaje, haga clic con el botón derecho> Crear> Diálogo> Nuevo personaje de diálogo."
Test Dialogue,1611cf1b-041b-425b-833b-163e30461252,66124aee-b8e9-438c-807d-cc2f2ca02e78,"Par défaut, trois personnages sont proposés dans ce test pour vous démontrer son fonctionnement. Ils contiennent une liste de noms (un par traduction), une couleur de texte, un son d'écriture (dont celui que vous entendez depuis l'apparition du personnage ""Un"") et une liste de sprites correspondant à une humeur précise.","By default, three characters are offered in this test to demonstrate its operation. They contain a list of names (one per translation), a text color, a char printing sound (like the one you hear since the appearance of the character ""One"") and a list of sprites corresponding to a precise mood.","De forma predeterminada, se ofrecen tres caracteres en esta prueba para demostrar su operación. Contienen una lista de nombres (uno por traducción), un color de texto, un sonido de escritura (cuyo hijo escucha de la apariencia del carácter ""uno"") y una lista de sprites correspondientes a un estado de ánimo preciso."
Test Dialogue,82246e1e-8ab7-4536-a0bb-e522d104d089,2ed6b301-5b35-4b44-9487-fb3482b7883a,"La node suivante, ""Choice"", vous permet d'offrir des choix au joueur jusqu'au nombre que vous aurez spécifié dans la fenêtre d'édition (4 par défaut).","The next node, ""Choice"", allows you to offer choices to the player up to the number specified in the edit window (4 by default).","El siguiente nodo, ""Elección"", le permite ofrecer opciones al jugador hasta que haya especificado en la ventana Editar (4 de forma predeterminada)."
Test Dialogue,82246e1e-8ab7-4536-a0bb-e522d104d089,cafb4cd3-5a22-4dd3-ace6-8cc17798852f,"Chaque choix peut comporter des conditions qui ne rendront ce choix sélectionnable qu'une fois remplies. Vous pouvez griser ou masquer ce choix dans le cas contraire, et écrire un texte spécifiant pourquoi.","Each choice may include conditions that will only make this choice selectable once completed. You can gray out or hide this choice in the opposite case, and write a text specifying why.","Cada opción puede incluir condiciones que solo hagan que esta opción sea seleccionable una vez completada. Puede rockear u ocultar esta elección en el caso opuesto y escribir un texto que especifique por qué."
Test Dialogue,24c7da96-7c69-4e11-ba3a-423a350996f1,bb4489dc-a990-41c9-810f-482899889fc0,"Exactement.","Exactly.","Exactamente."
Test Dialogue,24c7da96-7c69-4e11-ba3a-423a350996f1,1943c484-6fc9-4845-bbac-bd53ade19fbd,"Attention : Même si vous avez créé des choix grisés, ils ne seront pas affichés à l'écran si leur port n'est pas connecté à une node.","Warning : Even if you created a greyed out choice, it won't appear on screen until you connect its port to a node.","Advertencia: incluso si creó una opción en gris, no aparecerá en la pantalla hasta que conecte su puerto a un nodo."
Test Dialogue,24c7da96-7c69-4e11-ba3a-423a350996f1,4adc7958-2557-48ff-922b-74f2dbc1a34a,"Ces conditions peuvent être remlies au cours de la progression de vos joueurs dans le jeu, ou directement au cours du même dialogue, grâce au script DE_EventCaller et la node ""Event.""","These conditions can be fulfilled during the progress of your players in the game, or directly during the same dialogue, thanks to the DE_EventCaller script and the ""Event"" node.","Estas condiciones se pueden eliminar durante el progreso de sus jugadores en el juego, o directamente durante el mismo diálogo, gracias al script de evento y el nodo ""evento"" ""."
Test Dialogue,aa775507-02a2-4d8b-9964-60c145f34edc,8c22d8c7-265e-4683-9799-62bebdbb7498,"Comme ceci.","Like so.","Como esto."
Test Dialogue,aa775507-02a2-4d8b-9964-60c145f34edc,0f2d3d52-6296-4204-9048-da55da921672,"L'exemple suivant utilise un String Event pour permettre au joueur d'utiliser un choix qui lui était auparavant bloqué par une condition :","The following example uses a string event to allow the player to use a choice that was previously blocked by a condition:","El siguiente ejemplo utiliza un evento de cadena para permitir que el jugador utilice una opción que haya bloqueado previamente por una condición:"
Test Dialogue,e43a1da2-45d9-4dc8-a0f1-07274e855bd7,69c5c588-0b57-4c3a-8e91-378f26f91545,"Réessayez maintenant ; le second choix devrait être débloqué.","Retry now; the second choice should be unlocked.","Investigación ahora; La segunda opción debe ser desbloqueada."
Test Dialogue,15217446-569b-4918-bf09-0630f342f4a2,0627d700-a825-42a0-b40e-b82cf88acf7b,"Bien. passons à la suite.","Good. Let's move on.","Bien. Vamonos."
Test Dialogue,bee4ed0c-9ac1-4084-9d84-8348dcdcd1d4,6ced8bca-0c9a-47ed-8d4a-958f7b476e06,"La node ""Branch"" fonctionne de manière similaire à la node Choice, mais ne laisse pas le choix de l'issue au joueur et ne prend que 2 sorties. La node Branch ne prendra la branche ""True"" si toutes ses conditions sont remplies.","The ""Branch"" node works similarly to the Choice node, but does not leave the choice of the issue to the player and only takes 2 outputs. The Branch node will only take the ""TRUE"" branch if all its conditions are met.","El nodo ""Rama"" funciona de manera similar al nodo de elección, pero no deja la elección del problema al jugador y solo toma 2 salidas. El nodo de la sucursal solo tomará la rama ""verdadera"" si se cumplen todas sus condiciones."
Test Dialogue,bee4ed0c-9ac1-4084-9d84-8348dcdcd1d4,398c04a7-2068-4974-87fb-6ce005a6e17e,"Dans cet exemple, nous avons déjà passé les propriétés ""OrLikeThat"" et ""ChoiceBlocked"" à false dans les exemples précédents, donc la branche True est valide.","In this example, we have already passed the ""OrLikeTat"" and ""ChoiceBlocked"" properties in False in the previous examples, so the True branch is valid.","En este ejemplo, ya hemos pasado las propiedades de ""orlikethat"" y ""elección conbloqued"" en falso en los ejemplos anteriores, por lo que la sucursal verdadera es válida."
Test Dialogue,cdafc048-933a-4919-8c9c-f5a34ec8d7e8,5c060afb-4ceb-4934-8c16-c2c6bfbd9438,"La node ""UI"" permet d'interagir directement avec l'interface utilisateur du dialogue. A l'heure actuelle, elle ne permet que d'afficher ou masquer l'UI, mais libre à vous de la modifier pour implémenter vos propres méthodes selon vos besoins.","The ""UI"" Node allows you to interact directly with the user interface of the dialogue. For now, it only allows to display or hide the UI, but feel free to modify it to implement your own methods according to your needs.","El nodo ""ui"" le permite interactuar directamente con la interfaz de usuario del diálogo. En la actualidad, solo permite mostrar u ocultar la UI, pero es gratis para modificarla para implementar sus propios métodos de acuerdo con sus necesidades."
Test Dialogue,e9060dc2-f088-4df8-b6bd-2650a7bcf09e,bc5cc8c5-577e-4c95-9a51-543e7c210ee1,"Et enfin, la node ""Background"" permet de modifier le fond d'écran pour modifier le décor de la scène.","And finally, the ""Background"" node allows you to change the background image to change the scene scenery.","Y, finalmente, el nodo ""Fondo"" le permite cambiar el fondo de pantalla para cambiar la decoración de la escena."
Test Dialogue,01a6e20a-2c92-4dfc-a421-8d5ac365218e,56df7ede-6c96-4c3a-8f75-b37c31f0dccd,"Inutile d'utiliser une node UI pour réafficher l'écran si vous souhaitez continuer le dialogue ; les nodes Réplique, Choice et Character prennent en compte leur propre réaffichage.","No need to use a UI node to display the screen if you want to continue the dialogue; The Replique, Choice and Character nodes take into account their own reset.","No es necesario usar un nodo de UI para volver a encender la pantalla si desea continuar con el diálogo; Los nodos de réplica, elección y el carácter tienen en cuenta su propio reinicio."
Test Dialogue,1a1e1fa4-45c4-49de-8ffa-56605f60e9ba,63a2173d-e976-413b-be38-4998a974500f,"Comme ceci.","Like so.","Como esto."
Test Dialogue,1a1e1fa4-45c4-49de-8ffa-56605f60e9ba,498daa6e-e594-48fd-8ee7-985ea2e2ad72,"Cette node prend la texture du décor en paramètre ainsi que des ""Transitions Settings"" déterminant l'apparence de la transition d'un décor à l'autre. Ces SOs fonctionnent à l'aide d'un ""Screen Fader"", un autre SO gérant les transitions en elles-mêmes.","This node takes the texture of the background image as a parameter as well as ""transition settings"" determining the appearance of the transition from one decor to another. These SOs work with a ""Screen Fader"", another SO managing the transitions in themselves.","Este nodo toma la textura de la decoración como un parámetro, así como ""Transiciones de configuración"" que determinan la apariencia de la transición de una decoración a otra. Estos SOS trabajan con un ""fader de pantalla"", otro así, lo que administra las transiciones en sí mismas."
Test Dialogue,1a1e1fa4-45c4-49de-8ffa-56605f60e9ba,ed027a50-2356-4ed2-ba34-889ae22b564e,"Pour les créer, Clic droit > Create > ScriptableObjects > Screen Fader > New Screen Fader et New Transition Settings.","To create them, right click> Create> ScriptableObjects> Screen Fader> New Screen Fader and New Transition Settings.","Para crearlos, haga clic con el botón derecho> Crear> ScriptableObjects> Fader de la pantalla> Nuevo fader de pantalla y nuevas configuraciones de transición."
Test Dialogue,1a1e1fa4-45c4-49de-8ffa-56605f60e9ba,6fe23ca7-370b-409f-bad9-1d6d65d58bd6,"Le Screen Fader prend 2 shaders par défaut, qu'il récupère automatiquement à sa création. Ces shaders sont responsables de la transition d'une texture à une autre.","The Screen Fader takes 2 default shaders, that it automatically retrieves upon its creation. These shaders are responsible for the transition from one texture to another.","El fader de la pantalla lleva 2 sombreadores predeterminados, que recupera automáticamente su creación. Estos sombreadores son responsables de la transición de una textura a otra."
Test Dialogue,1a1e1fa4-45c4-49de-8ffa-56605f60e9ba,0d839f27-e653-4a5d-817e-53f97d2a2715,"Les deux autres paramètres servent uniquement à tester l'apparence d'une transition en mode Mask directement depuis l'Edit Mode sans avoir à lancer le Play Mode.","The other two settings are only used to test the appearance of a Mask mode transition directly from the Edit Mode without having to start the Play Mode.","Las otras dos configuraciones solo se usan para probar la apariencia de una transición de modo de máscara directamente desde la edición del modo sin tener que iniciar el modo de reproducción."
Test Dialogue,1a1e1fa4-45c4-49de-8ffa-56605f60e9ba,122c658e-d1dc-4105-9a96-98c911c84cf8,"Les paramètres des Transition Settings contrôlent la vitesse, l'apparence et la couleur de la transition. Le Mode Mask utilise une texture pour masquer les pixels de l'écran, le Mode Fade fait un fondu progressif en noir, le mode Blend récupère directement le Material de l'image d'arrière-plan pour faire le passage progressif d'une texture à l'autre.","The Transition Settings control the speed, appearance and color of the transition. The Mask mode uses a texture to hide the pixels on the screen, the Fade mode makes a progressive fade in black, the blend mode retrieves directly the material from the background image to make the progressive passage of a texture to the other.","La configuración de configuración de la configuración controla la velocidad, la apariencia y el color de la transición. Le Mode Mask utilise une texture pour masquer les pixels de l'écran, le Mode Fade fait un fondu progressif en noir, le mode Blend récupère directement le Material de l'image d'arrière-plan pour faire le passage progressif d'une texture al otro."
Test Dialogue,32685c6c-768b-410e-ba24-f9d6d3ec8a44,588c0f60-eb1a-479a-88ce-b8510cd1977a,"Sur la node Background, retirer le ""Start Settings"" ne lancera pas de transition et remplacera instantanément l'arrière-plan. Retirer le ""End Settings"" ne causera qu'une seule transition, pas les deux.","On the Background node, removing the ""Start Settings"" will not launch a transition and will instantly replace the background. Removing the ""End Settings"" will cause only one transition, not both.","En el nodo de fondo, elimine la ""configuración de inicio"", lanzará una transición y reemplazará instantáneamente el fondo. Eliminar la configuración final causará solo una transición, no ambas."
Test Dialogue,32685c6c-768b-410e-ba24-f9d6d3ec8a44,3a602abf-ed44-4e6b-8772-5c4d7d7ede98,"Si le Start Settings est en mode Blend, il est inutile d'ajouter un End Settings.","If the Start Settings is in Blend mode, you do not need to add an End Settings.","Si la configuración de inicio está en modo de mezcla, no necesita agregar una configuración final."
Test Dialogue,02aa808f-c427-49a6-9e1e-4ec9845c7734,2b3b70e0-aaa3-45d3-b809-d9661402abdd,"Merci d'utiliser notre système de dialogue par node ! Si vous avez des questions, laissez un commentaire sur mon Github ou sous une des vidéos de ma chaîne Youtube !","Thank you for using our Dialogue Node System! If you have any questions, leave a comment on my github page or under one of the videos of my YouTube channel!","¡Gracias por usar nuestro sistema de diálogo de nodos! Si tiene alguna pregunta, deje un comentario en mi GitHub o en uno de los videos de mi canal de YouTube:"
Test Dialogue,2971b0dc-a154-4379-8621-c917ce06d379,ee05dba8-a4a1-488c-979f-fd647d90d072,"Les nodes ""Start"" et ""End"" sont les points d'entrée et de sortie du dialogue. Il peut y avoir plusieurs nodes Start et End dans un seul dialogue.","The ""Start"" and ""End"" nodes are the entrance and exit points of the dialog. There can be several Start and End nodes in a single dialogue.","Los nodos ""Inicio"" y ""End"" son los puntos de entrada y salida del diálogo. Puede haber varios nodos de inicio y finales en un solo diálogo."
Test Dialogue,2971b0dc-a154-4379-8621-c917ce06d379,66f31068-ae6b-4225-9f80-674769af3a09,"La node Start comporte un champ ""isDefault"" qui fera passer ce point d'entrée en priorité si ses conditions sont remplies.","The Start Node has an ""isDefault"" field that will make the script read this entry point in priority if its conditions are fulfilled.","El inicio del nodo tiene un campo ""ISDEFAULT"" que hará que este punto de entrada tenga prioridad si se cumplen sus condiciones."
Test Dialogue,2971b0dc-a154-4379-8621-c917ce06d379,e9a0520e-ff08-412b-8ec9-3b9e5b167042,"  ","It is possible to add conditions to the Start nodes to read the dialogue from a different input point according to the conditions filled by the player, thanks to the ""Add Condition"" button.","Es posible agregar condiciones a los nodos de inicio para leer el diálogo a un punto de entrada diferente de acuerdo con las condiciones llenas por el jugador, gracias al botón ""Agregar condición""."
Test Dialogue,2971b0dc-a154-4379-8621-c917ce06d379,3be30508-5aa9-4b4a-b95e-1ceb7c9fcd4f,"Ces conditions sont liées à un script ""DE_EventCaller"" qui fait office de connecteur entre la progression du joueur et les conditions des nodes à remplir (voir la Node Event pour plus de détails).","These conditions are linked to a script ""DE_EventCaller"" which acts as a connector between the progress of the player and the conditions of the nodes to be completed (see the Node Event for more details).","Estas condiciones están vinculadas a un script ""DE_EVENTCALLER"" que actúa como un conector entre el progreso del jugador y las condiciones de los nodos que se deben completar (consulte el evento del nodo para más detalles)."
Test Dialogue,f2eaac02-84a8-4f78-adf5-cda41f724d1c,311e4d82-aa80-4d90-90c9-9d9576d66dbd,"En cliquant sur l'option ""Add Event"" de la node, vous pouvez créer 2 types d'événements : String Event et Scriptable Event.","By clicking on the ""Add Event"" option, you can create 2 types of events: String Events and Scriptable Events.","Al hacer clic en la opción ""Agregar evento"" del nodo, puede crear 2 tipos de eventos: evento de cadena y evento scriptable."
Test Dialogue,f2eaac02-84a8-4f78-adf5-cda41f724d1c,6d584802-3604-4952-ae09-7531e0b8d350,"Le String Event va rechercher le nom de la propriété renseigné dans le script et la modifier.","The String Event will search for the name of the property provided in the script and edit it.","El evento de cadena buscará el nombre de la propiedad proporcionada en el script y editarla."
Test Dialogue,f2eaac02-84a8-4f78-adf5-cda41f724d1c,afb55991-3f45-47ea-9e70-14c91abb1249,"Le Scriptable Event va appeler tous les méthodes abonnées au ScriptableObject en paramètre depuis le DE_EventCaller. Dans cet exemple, notre SO va appeler une simple fonction écrivant un message dans la console.","The scriptable event will call all the methods subscribed to the scriptableObject as parameter from the DE_EventCaller. In this example, our SO will call a simple function writing a message in the console.","El evento scriptable llamará a todos los métodos suscritos al ScriptableObject como parámetro del De_EventsCaller. En este ejemplo, nuestro, así lo llamará una función simple que escribe un mensaje en la consola."
Test Dialogue,3dfa1360-1523-413c-842f-22061668cc31,b836be96-456d-4d09-9113-7051d2bdcce1,"Dans ce projet, la scène DialogueTrigger lance automatiquement la scène contenant le UI d'affichage du dialogue. Cette scène est retirée une fois le dialogue terminée.","In this project, the DialogTrigger scene automatically launches the scene containing the UI display of the dialog. This scene is removed once the dialog is complete.","En este proyecto, la escena de DialogStrigger lanza automáticamente la escena que contiene la pantalla IU del diálogo. Esta escena se elimina una vez que se completa el diálogo."
Test Dialogue,3dfa1360-1523-413c-842f-22061668cc31,0395f82a-7e24-4997-9cb8-f5bacea17c44,"Pour lancer manuellement un dialogue, vous devez appeler la fonction InitAndStartNewDialogue() présente dans le DialogueManager. Ce script est responsable de la lecture du dialogue et de l'interprétation du contenu des nodes.","To manually start a dialog, you must call the InitAndSetNewDialogue() function present in the DialogueManager. This script is responsible for reading the dialogue and interpreting the content of the nodes.","Para iniciar manualmente un diálogo, debe llamar a la función InitandnetNewDialogue () presente en el Diálogueager. Este guión es responsable de leer el diálogo e interpretación de los contenidos de los nodos."
Test Dialogue,3dfa1360-1523-413c-842f-22061668cc31,c43a8e95-3844-4854-afbf-706a991cc62e,"Il est important de fournir en paramètre le SO contenant le dialogue que vous voulez lire, le script dérivé de DE_EventCaller devant appeler les événements en jeu, ainsi que la langue de la traduction du dialogue.","It is important to provide the SO parameter containing the dialog you want to read, the derived script DE_EventCaller to call the events during a session, as well as the language of translation of the dialog.","Es importante proporcionar el parámetro SO que contenga el diálogo que desea leer, el CALLER Derivado derivado para llamar a los eventos en juego, así como el idioma de la traducción del diálogo."
Test Dialogue,aacbe9bf-35bf-401e-971a-c5111f34819f,af1f89d7-b7bb-4614-bfd1-07a2ae0e9dab,"Dans la scène du UI, le script dérivé de DialogueUI est chargé de s'abonner aux delegates du DialogueManager pour afficher les changements de texte et d'images en fonction de la node parcourue. L'exemple utilisé dans ce projet utilise un système de tween pour animer les sprites à l'écran.","In the UI scene, the DialogueUI derived script is responsible for subscribing to the DialogueManager delegates to display the text and image changes based on the current node. The example used in this project uses a Tween system to animate the sprites on the screen.","En la escena de la UI, el script derivado de Diálogo es responsable de suscribirse a los delegados de DialogueManager para mostrar los cambios de texto y la imagen según el nodo recorrido. El ejemplo utilizado en este proyecto utiliza un sistema Tween para animar los sprites en la pantalla."
Test Dialogue,aacbe9bf-35bf-401e-971a-c5111f34819f,d369303e-5f86-4ea1-909d-c793477bd785,"Vous pouvez écrire votre propre comportement pour votre UI en créant un script héritant de DialogueUI.","You can write your own behavior for your UI by creating a script inheriting from DialogueUI.","Puede escribir su propio comportamiento para su IU creando un guión de dialoguei heredero."
Test Dialogue,14adbce5-87c3-471d-8e77-033d468badc1,ddba2a6b-9934-4101-8cd3-6d9d4dc35e59,"La node ""Replique"" est celle utilisée depuis le début de ce dialogue. Elle affiche du texte à l'écran et vous permet de jouer du son à la lecture d'une réplique, comme une voix de personnage ou un effet sonore.","The ""Replique"" node is used since the beginning of this dialogue. It displays text on the screen and allows you to play a sound clip when playing a text line, like a character voice or sound effect.","El nodo ""réplica"" se usa desde el comienzo de este diálogo. Muestra texto en la pantalla y le permite reproducir sonido al reproducir una réplica, como un efecto de voz o efecto de sonido."
Test Dialogue,14adbce5-87c3-471d-8e77-033d468badc1,28aae106-8a20-42ca-a976-af39c4468533,"Comme ceci.","Like this.","Como esto."
Test Dialogue,14adbce5-87c3-471d-8e77-033d468badc1,276a938c-496a-4e4e-8d43-fe09f740620a,"Les différentes options de la node sont :","The different options of the Node are:","Las diferentes opciones del nodo son:"
Test Dialogue,e57c2223-2a78-4f55-adf0-7781aaab5242,39ba785d-0633-4930-a9dc-1f5bd4238f18,"La node ""Delay"" délaie le passage à la node suivante. Utile si vous souhaitez un délai entre deux nodes Event, pour jouer un jeu d'animations ou attendre qu'une scène se charge par exemple.","The ""Delay"" node delays the passage to the next node. Useful if you want a delay between two Event nodes, to play a game of animations or wait for a scene to load for example.","El nodo ""Delay"" trae el movimiento al siguiente nodo. Útil Si desea un retraso entre dos nodos de eventos, para jugar un juego de animaciones o esperar a que se cargue una escena, por ejemplo."
Test Dialogue,c5582632-2ac6-4271-9357-c6cdefd921b2,0c9b761b-e826-477c-b93e-f07c20087989,"La node Event permet au diaogue d'interagir avec le reste du jeu. Elle utilise le DE_EventCaller et un ScriptableObject pour lire et écraser les valeurs du script et pour appeler des fonctions.","The Event node allows the dialogue to interact with the rest of the game. It uses the DE_EventCaller and a ScriptableObject to read and overwrite the script values ​​and to call functions.","El nodo del evento permite que la diagaluación interactúe con el resto del juego. Utiliza el DE_EVENTSCALLER y un ScriptableObject para reproducir y sobrescribir los valores de script y para llamar a funciones."
Test Dialogue,c5582632-2ac6-4271-9357-c6cdefd921b2,c19f083f-fef0-48ce-a321-154c38d86452,"Avec la node Event, vous pouvez réaliser n'importe quoi : Modifier les choix acessibles au joueur, lancer une cinématique, jouer un son ou un effet de particule, etc.","With the Event node, you can realize anything: change the choice of the player, start a cutscene, play a sound or a particle effect, etc.","Con el nodo de evento, puede realizar cualquier cosa: cambiar la opción del reproductor, lanzar una cinemática, jugar un sonido o un efecto de partícula, etc."
Test Dialogue,c5582632-2ac6-4271-9357-c6cdefd921b2,288a206f-fd8b-415d-b883-9020d2736050,"Pour créer un Dialogue Event, Clic droit > Create > Dialogue > New Dialogue Event. Ce ScriptableObject fera office de lien entre le dialogue et le script en jeu, et peut même être partagé entre différents diaogues.","To create an Event dialog, right click > Create > Dialogue > New Event Dialogue. This ScriptableObject will serve as a link between the dialog and the script in-game, and can even be shared between different dialogues.","Para crear un cuadro de diálogo de evento, haga clic con el botón derecho> Crear> Diálogo> Nuevo diálogo de eventos. Este scriptableObject servirá como un enlace entre el cuadro de diálogo y el script en juego, e incluso se puede compartir entre diferentes diaganchos."
Test Dialogue,abbf7fca-f0e5-4992-bf15-d293971b890f,a7f9f850-d016-43e3-a8df-c7ce4632816c,"""Append To Previous text"" : Permet de coller la nouvelle réplique à la précédente sans supprimer cette dernière.","""Append to Previous Text"": allows you to append the new replique to the previous one without deleting the latter.","""Anexar al texto anterior"": le permite pegar la nueva réplica a la anterior sin eliminar este último."
Test Dialogue,abbf7fca-f0e5-4992-bf15-d293971b890f,8761f8d1-7b4b-4b74-a06a-04b1a2c48dd0,"""Can Click On Continue"" : Permet ou non au joueur de continuer le dialogue en cliquant sur l'interface. Fonctionne de pair avec l'auto-délai pour avancer automatiquement un dialogue.","""Can Click on Continue"": Allows the player to continue the dialog by clicking on the interface. Works with the auto-delay to automatically progress in a dialog.","""Puede hacer clic en Continúe"": o no permite que el reproductor continúe con el cuadro de diálogo haciendo clic en la interfaz. Funciona con el autoayuda para avanzar automáticamente un diálogo."
Test Dialogue,abbf7fca-f0e5-4992-bf15-d293971b890f,4a539c07-e49b-4e5b-b6c4-b5742f4de502,"""Overwrite Write Speed"" : Permet d'écrire chaque caractère à une différente vitesse que celle par défaut (en secondes). Utile pour donner une sensation de suspens à votre réplique.","""Overwrite Write Speed"": Allows you to write each character to a different speed than the default (in seconds). Useful for giving a feeling of suspense to your replique.","""Sobrescribe la velocidad de escritura"": le permite escribir cada carácter a una velocidad diferente a la predeterminada (en segundos). Útil para dar una sensación de suspenso a su réplica."
Test Dialogue,abbf7fca-f0e5-4992-bf15-d293971b890f,607bfdbe-6cce-4cd0-8a25-8dd09873b90f,"""Auto Delay"" : Si activé, le dialogue jouera la réplique suivante automatiquement au bout du temps inscrit en paramètre (en secondes).","""Auto Delay"": If enabled, the dialog will play the next replique automatically once the timer registered as a parameter has ended (in seconds).","""Retardo automático"": si está habilitado, el cuadro de diálogo reproducirá la siguiente réplica automáticamente después de la hora registrada como parámetro (en segundos)."
Test Dialogue,b70886b7-fe59-404c-91a2-a729524dda88,fdb8a0a2-0406-45ce-812b-23da819cd5c1,"Bonjour !","Hi!","Buenos dias !"
Test Dialogue,2755a66c-bef6-4058-a76f-cf603bb59b29,cb51f637-6203-4e4b-a572-f1deeedef055,"Comment fonctionne la fenêtre d'édition de dialogue ?","How does the dialog editing window work?","¿Cómo funciona la ventana de edición de diálogo?"
Test Dialogue,2755a66c-bef6-4058-a76f-cf603bb59b29,a883e808-02cf-427d-84e7-dde2c468297e,"Comment fonctionnent les nodes ?","How do the nodes work?","¿Cómo funcionan los nodos?"
Test Dialogue,2755a66c-bef6-4058-a76f-cf603bb59b29,8d834159-c8a1-4ca6-8f8e-aaae9ff94ad5,"Comment lancer un dialogue en jeu ?","How to start a dialogue in-game?","¿Cómo iniciar un diálogo en juego?"
Test Dialogue,2755a66c-bef6-4058-a76f-cf603bb59b29,891641e8-7bc0-4134-9538-b3ac7e428d8d,"Ce sera tout. (Terminer le dialogue)","That's all. (Finish dialog)","Esto será todo. (Diálogo de finalización)"
Test Dialogue,a4c3f0d2-6fbe-4213-adac-27a6c688c1a9,a3ce7a92-e09e-4167-a058-aa7dc71fa400,"Comme ceci ?","Like this ?","Como esto ?"
Test Dialogue,a4c3f0d2-6fbe-4213-adac-27a6c688c1a9,f0489052-d0b9-4f57-bbeb-7908e62b7abc,"Ou comme ceci ?","Or like that?","¿O así?"
Test Dialogue,44d497c9-d42b-42e4-b044-d253875b00cf,aec962fd-df61-4cb1-963d-9be48ab1ac0d,"Débloquer le choix.","Unlock the choice.","Desbloquear la elección."
Test Dialogue,44d497c9-d42b-42e4-b044-d253875b00cf,3dc433aa-bfd7-4481-aff1-76cb5b6feb18,"Choix bloqué.","Choice blocked.","Elección bloqueada."
Test Dialogue,82755e88-9cbc-4e8d-ae05-3d9984507dfb,88eea279-12f5-45c6-81bd-09a352637eb2,"Aller sur la page Github.","Go to the Github page.","Ir a la página GitHub."
Test Dialogue,82755e88-9cbc-4e8d-ae05-3d9984507dfb,4c82df54-97a1-4f1e-aa4d-e85d209c4180,"Aller sur la page Youtube.","Go to the YouTube page.","Ve a la página de YouTube."
Test Dialogue,82755e88-9cbc-4e8d-ae05-3d9984507dfb,ecd16a6d-86f9-4aab-a8ad-be7acad5a400,"Pas maintenant, merci.","Not now, thank you.","No ahora, gracias."
Test Dialogue,a4c3f0d2-6fbe-4213-adac-27a6c688c1a9,9208c28e-201c-4e27-9909-5c5dd0060a8b,"Exemple de choix inaccessible au joueur.","Example of choice inaccessible to the player.","Ejemplo de elección inaccesible para el jugador."
Test Dialogue,44d497c9-d42b-42e4-b044-d253875b00cf,0f18eead-1b34-4136-86ff-eb5f12444e35,"Ce choix est bloqué dans le DE_EventCaller.","This choice is blocked in the DE_EventCaller.","Esta elección está bloqueada en el De_EventsCaller."
v3.0,17b91f55-3709-4b55-9e87-d4f178600974,00fcfdc7-f3a5-4b3a-a936-12d0ad288322,"This system supports multiple characters, dialogue lines, backgrounds, choices, translations and more!","This system supports multiple characters, dialogue lines, backgrounds, choices, translations and more!","This system supports multiple characters, dialogue lines, backgrounds, choices, translations and more!"
v3.0,0cad3c40-b2f1-490a-accb-85b2f9eac12d,bdd66b30-a6d1-4bed-b06e-bc18861bc80c,"Hi!","Hi!","Hi!"
v3.0,0cad3c40-b2f1-490a-accb-85b2f9eac12d,8aca4a17-3302-4ad5-8a8e-aad4c445ce43,"This is the showase of the version 3.0 of our Dialogue Node System!","This is the showase of the version 3.0 of our Dialogue Node System!","This is the showase of the version 3.0 of our Dialogue Node System!"
v3.0,11ddda55-7492-481d-addf-0048a28d9ec3,fa303a8b-4cf4-42d7-8523-329a74fd264b,"You can check it our on our Github page!","You can check it our on our Github page!","You can check it our on our Github page!"
v3.0,abb95ec0-92e8-435b-9d19-27da54c28ed5,b342a71b-7104-4b2a-bca7-56e5e06ef36d,"Wow, that sounds great!","Wow, that sounds great!","Wow, that sounds great!"
v3.0,abb95ec0-92e8-435b-9d19-27da54c28ed5,dff85996-7676-4882-bece-acb2ae773223,"I don't care.","I don't care.","I don't care."
v3.0,abb95ec0-92e8-435b-9d19-27da54c28ed5,fbe2018e-09cf-40a0-af6f-3612b33c8d7e,"Impossible.","Impossible.","Impossible."
